density,generation,population
0.05,0,3124
0.05,1,490
0.05,2,291
0.05,3,269
0.05,4,264
0.05,5,253
0.05,6,258
0.05,7,262
0.05,8,274
0.05,9,276
0.05,10,277
0.05,11,276
0.05,12,277
0.05,13,282
0.05,14,288
0.05,15,289
0.05,16,293
0.05,17,294
0.05,18,299
0.05,19,300
0.05,20,302
0.05,21,303
0.05,22,306
0.05,23,307
0.05,24,310
0.05,25,312
0.05,26,314
0.05,27,315
0.05,28,314
0.05,29,314
0.05,30,312
0.05,31,317
0.05,32,317
0.05,33,319
0.05,34,318
0.05,35,317
0.05,36,318
0.05,37,318
0.05,38,317
0.05,39,319
0.05,40,321
0.05,41,323
0.05,42,322
0.05,43,327
0.05,44,326
0.05,45,328
0.05,46,326
0.05,47,327
0.05,48,326
0.05,49,328
0.05,50,331
0.05,51,332
0.05,52,331
0.05,53,334
0.05,54,335
0.05,55,338
0.05,56,338
0.05,57,339
0.05,58,340
0.05,59,344
0.05,60,343
0.05,61,344
0.05,62,344
0.05,63,344
0.05,64,342
0.05,65,342
0.05,66,340
0.05,67,339
0.05,68,337
0.05,69,335
0.05,70,334
0.05,71,334
0.05,72,336
0.05,73,337
0.05,74,339
0.05,75,340
0.05,76,340
0.05,77,337
0.05,78,340
0.05,79,340
0.05,80,343
0.05,81,345
0.05,82,347
0.05,83,349
0.05,84,350
0.05,85,350
0.05,86,351
0.05,87,353
0.05,88,353
0.05,89,355
0.05,90,357
0.05,91,356
0.05,92,356
0.05,93,356
0.05,94,356
0.05,95,358
0.05,96,357
0.05,97,359
0.05,98,365
0.05,99,366
0.05,100,367
0.05,101,368
0.05,102,368
0.05,103,371
0.05,104,371
0.05,105,376
0.05,106,379
0.05,107,384
0.05,108,386
0.05,109,385
0.05,110,384
0.05,111,384
0.05,112,384
0.05,113,387
0.05,114,388
0.05,115,390
0.05,116,389
0.05,117,387
0.05,118,386
0.05,119,386
0.05,120,385
0.05,121,386
0.05,122,386
0.05,123,390
0.05,124,394
0.05,125,395
0.05,126,396
0.05,127,394
0.05,128,394
0.05,129,394
0.05,130,395
0.05,131,397
0.05,132,396
0.05,133,398
0.05,134,398
0.05,135,399
0.05,136,401
0.05,137,401
0.05,138,401
0.05,139,400
0.05,140,400
0.05,141,402
0.05,142,399
0.05,143,397
0.05,144,399
0.05,145,402
0.05,146,404
0.05,147,404
0.05,148,406
0.05,149,408
0.05,150,411
0.05,151,407
0.05,152,401
0.05,153,403
0.05,154,402
0.05,155,402
0.05,156,401
0.05,157,402
0.05,158,401
0.05,159,404
0.05,160,404
0.05,161,404
0.05,162,407
0.05,163,402
0.05,164,400
0.05,165,399
0.05,166,401
0.05,167,403
0.05,168,406
0.05,169,404
0.05,170,404
0.05,171,400
0.05,172,397
0.05,173,395
0.05,174,395
0.05,175,391
0.05,176,390
0.05,177,391
0.05,178,393
0.05,179,389
0.05,180,389
0.05,181,388
0.05,182,385
0.05,183,386
0.05,184,384
0.05,185,385
0.05,186,386
0.05,187,387
0.05,188,387
0.05,189,387
0.05,190,389
0.05,191,387
0.05,192,390
0.05,193,388
0.05,194,389
0.05,195,385
0.05,196,387
0.05,197,385
0.05,198,386
0.05,199,385
0.05,200,386
0.05,201,384
0.05,202,384
0.05,203,383
0.05,204,381
0.05,205,382
0.05,206,381
0.05,207,381
0.05,208,384
0.05,209,382
0.05,210,383
0.05,211,382
0.05,212,385
0.05,213,383
0.05,214,382
0.05,215,381
0.05,216,380
0.05,217,380
0.05,218,381
0.05,219,380
0.05,220,379
0.05,221,380
0.05,222,380
0.05,223,380
0.05,224,381
0.05,225,381
0.05,226,382
0.05,227,380
0.05,228,381
0.05,229,381
0.05,230,384
0.05,231,384
0.05,232,385
0.05,233,385
0.05,234,386
0.05,235,387
0.05,236,388
0.05,237,387
0.05,238,387
0.05,239,385
0.05,240,384
0.05,241,386
0.05,242,385
0.05,243,386
0.05,244,388
0.05,245,390
0.05,246,390
0.05,247,393
0.05,248,392
0.05,249,392
0.05,250,394
0.05,251,393
0.05,252,395
0.05,253,394
0.05,254,393
0.05,255,391
0.05,256,389
0.05,257,390
0.05,258,389
0.05,259,390
0.05,260,390
0.05,261,391
0.05,262,390
0.05,263,388
0.05,264,390
0.05,265,390
0.05,266,392
0.05,267,391
0.05,268,391
0.05,269,389
0.05,270,390
0.05,271,390
0.05,272,392
0.05,273,391
0.05,274,390
0.05,275,389
0.05,276,389
0.05,277,388
0.05,278,390
0.05,279,391
0.05,280,393
0.05,281,393
0.05,282,391
0.05,283,392
0.05,284,391
0.05,285,389
0.05,286,390
0.05,287,388
0.05,288,388
0.05,289,389
0.05,290,389
0.05,291,389
0.05,292,389
0.05,293,389
0.05,294,389
0.05,295,388
0.05,296,390
0.05,297,390
0.05,298,392
0.05,299,392
0.05,300,391
0.05,301,392
0.05,302,389
0.05,303,389
0.05,304,390
0.05,305,390
0.05,306,392
0.05,307,393
0.05,308,396
0.05,309,395
0.05,310,396
0.05,311,397
0.05,312,396
0.05,313,394
0.05,314,396
0.05,315,394
0.05,316,394
0.05,317,392
0.05,318,394
0.05,319,392
0.05,320,393
0.05,321,391
0.05,322,390
0.05,323,390
0.05,324,389
0.05,325,390
0.05,326,391
0.05,327,393
0.05,328,393
0.05,329,394
0.05,330,393
0.05,331,394
0.05,332,395
0.05,333,395
0.05,334,394
0.05,335,394
0.05,336,394
0.05,337,394
0.05,338,394
0.05,339,395
0.05,340,395
0.05,341,396
0.05,342,395
0.05,343,395
0.05,344,392
0.05,345,393
0.05,346,391
0.05,347,391
0.05,348,391
0.05,349,392
0.05,350,391
0.05,351,392
0.05,352,391
0.05,353,392
0.05,354,393
0.05,355,394
0.05,356,393
0.05,357,394
0.05,358,394
0.05,359,394
0.05,360,395
0.05,361,395
0.05,362,395
0.05,363,396
0.05,364,396
0.05,365,396
0.05,366,398
0.05,367,398
0.05,368,399
0.05,369,398
0.05,370,399
0.05,371,398
0.05,372,401
0.05,373,399
0.05,374,400
0.05,375,400
0.05,376,400
0.05,377,400
0.05,378,400
0.05,379,400
0.05,380,400
0.05,381,402
0.05,382,402
0.05,383,402
0.05,384,400
0.05,385,400
0.05,386,400
0.05,387,401
0.05,388,400
0.05,389,401
0.05,390,400
0.05,391,400
0.05,392,399
0.05,393,399
0.05,394,399
0.05,395,398
0.05,396,397
0.05,397,397
0.05,398,396
0.05,399,397
0.05,400,398
0.05,401,398
0.05,402,396
0.05,403,397
0.05,404,395
0.05,405,395
0.05,406,396
0.05,407,397
0.05,408,397
0.05,409,398
0.05,410,399
0.05,411,399
0.05,412,399
0.05,413,397
0.05,414,398
0.05,415,399
0.05,416,397
0.05,417,396
0.05,418,396
0.05,419,396
0.05,420,396
0.05,421,397
0.05,422,397
0.05,423,397
0.05,424,397
0.05,425,397
0.05,426,397
0.05,427,394
0.05,428,395
0.05,429,396
0.05,430,395
0.05,431,396
0.05,432,396
0.05,433,396
0.05,434,395
0.05,435,395
0.05,436,395
0.05,437,395
0.05,438,395
0.05,439,394
0.05,440,393
0.05,441,394
0.05,442,394
0.05,443,394
0.05,444,394
0.05,445,395
0.05,446,395
0.05,447,394
0.05,448,395
0.05,449,394
0.05,450,395
0.05,451,393
0.05,452,394
0.05,453,393
0.05,454,394
0.05,455,394
0.05,456,393
0.05,457,393
0.05,458,394
0.05,459,394
0.05,460,394
0.05,461,395
0.05,462,395
0.05,463,395
0.05,464,395
0.05,465,397
0.05,466,397
0.05,467,396
0.05,468,396
0.05,469,397
0.05,470,397
0.05,471,398
0.05,472,396
0.05,473,396
0.05,474,395
0.05,475,395
0.05,476,396
0.05,477,397
0.05,478,399
0.05,479,401
0.05,480,402
0.05,481,402
0.05,482,402
0.05,483,402
0.05,484,403
0.05,485,401
0.05,486,403
0.05,487,402
0.05,488,401
0.05,489,402
0.05,490,402
0.05,491,403
0.05,492,403
0.05,493,403
0.05,494,403
0.05,495,403
0.05,496,404
0.05,497,404
0.05,498,404
0.05,499,404
0.10,0,6249
0.10,1,2966
0.10,2,2323
0.10,3,2204
0.10,4,2139
0.10,5,2107
0.10,6,2127
0.10,7,2172
0.10,8,2268
0.10,9,2299
0.10,10,2347
0.10,11,2365
0.10,12,2408
0.10,13,2451
0.10,14,2513
0.10,15,2537
0.10,16,2583
0.10,17,2579
0.10,18,2606
0.10,19,2621
0.10,20,2642
0.10,21,2657
0.10,22,2678
0.10,23,2687
0.10,24,2693
0.10,25,2704
0.10,26,2719
0.10,27,2723
0.10,28,2726
0.10,29,2727
0.10,30,2724
0.10,31,2739
0.10,32,2745
0.10,33,2755
0.10,34,2761
0.10,35,2769
0.10,36,2766
0.10,37,2773
0.10,38,2778
0.10,39,2778
0.10,40,2785
0.10,41,2791
0.10,42,2797
0.10,43,2808
0.10,44,2804
0.10,45,2808
0.10,46,2807
0.10,47,2810
0.10,48,2812
0.10,49,2810
0.10,50,2821
0.10,51,2817
0.10,52,2823
0.10,53,2816
0.10,54,2825
0.10,55,2824
0.10,56,2829
0.10,57,2828
0.10,58,2832
0.10,59,2835
0.10,60,2841
0.10,61,2837
0.10,62,2840
0.10,63,2831
0.10,64,2832
0.10,65,2822
0.10,66,2820
0.10,67,2812
0.10,68,2807
0.10,69,2798
0.10,70,2801
0.10,71,2798
0.10,72,2805
0.10,73,2810
0.10,74,2818
0.10,75,2813
0.10,76,2810
0.10,77,2820
0.10,78,2813
0.10,79,2822
0.10,80,2822
0.10,81,2821
0.10,82,2825
0.10,83,2830
0.10,84,2821
0.10,85,2826
0.10,86,2828
0.10,87,2826
0.10,88,2835
0.10,89,2830
0.10,90,2830
0.10,91,2834
0.10,92,2830
0.10,93,2835
0.10,94,2830
0.10,95,2832
0.10,96,2833
0.10,97,2835
0.10,98,2831
0.10,99,2830
0.10,100,2823
0.10,101,2829
0.10,102,2822
0.10,103,2818
0.10,104,2821
0.10,105,2819
0.10,106,2820
0.10,107,2821
0.10,108,2828
0.10,109,2822
0.10,110,2825
0.10,111,2815
0.10,112,2815
0.10,113,2812
0.10,114,2809
0.10,115,2813
0.10,116,2808
0.10,117,2809
0.10,118,2810
0.10,119,2815
0.10,120,2812
0.10,121,2822
0.10,122,2815
0.10,123,2823
0.10,124,2818
0.10,125,2812
0.10,126,2806
0.10,127,2807
0.10,128,2806
0.10,129,2804
0.10,130,2805
0.10,131,2802
0.10,132,2806
0.10,133,2812
0.10,134,2806
0.10,135,2805
0.10,136,2803
0.10,137,2804
0.10,138,2794
0.10,139,2799
0.10,140,2796
0.10,141,2802
0.10,142,2799
0.10,143,2800
0.10,144,2794
0.10,145,2798
0.10,146,2796
0.10,147,2796
0.10,148,2798
0.10,149,2793
0.10,150,2793
0.10,151,2791
0.10,152,2789
0.10,153,2788
0.10,154,2791
0.10,155,2784
0.10,156,2785
0.10,157,2779
0.10,158,2780
0.10,159,2779
0.10,160,2778
0.10,161,2777
0.10,162,2771
0.10,163,2776
0.10,164,2766
0.10,165,2763
0.10,166,2757
0.10,167,2760
0.10,168,2751
0.10,169,2755
0.10,170,2758
0.10,171,2756
0.10,172,2752
0.10,173,2754
0.10,174,2749
0.10,175,2752
0.10,176,2752
0.10,177,2751
0.10,178,2751
0.10,179,2745
0.10,180,2747
0.10,181,2745
0.10,182,2742
0.10,183,2743
0.10,184,2743
0.10,185,2741
0.10,186,2746
0.10,187,2743
0.10,188,2738
0.10,189,2746
0.10,190,2737
0.10,191,2739
0.10,192,2733
0.10,193,2728
0.10,194,2723
0.10,195,2720
0.10,196,2718
0.10,197,2722
0.10,198,2710
0.10,199,2709
0.10,200,2706
0.10,201,2709
0.10,202,2708
0.10,203,2699
0.10,204,2706
0.10,205,2697
0.10,206,2702
0.10,207,2695
0.10,208,2700
0.10,209,2693
0.10,210,2696
0.10,211,2685
0.10,212,2694
0.10,213,2684
0.10,214,2683
0.10,215,2685
0.10,216,2683
0.10,217,2680
0.10,218,2674
0.10,219,2673
0.10,220,2674
0.10,221,2672
0.10,222,2679
0.10,223,2678
0.10,224,2684
0.10,225,2689
0.10,226,2689
0.10,227,2687
0.10,228,2693
0.10,229,2689
0.10,230,2691
0.10,231,2684
0.10,232,2689
0.10,233,2687
0.10,234,2691
0.10,235,2686
0.10,236,2690
0.10,237,2678
0.10,238,2684
0.10,239,2676
0.10,240,2675
0.10,241,2669
0.10,242,2669
0.10,243,2661
0.10,244,2667
0.10,245,2665
0.10,246,2661
0.10,247,2663
0.10,248,2658
0.10,249,2658
0.10,250,2662
0.10,251,2664
0.10,252,2665
0.10,253,2662
0.10,254,2660
0.10,255,2655
0.10,256,2652
0.10,257,2656
0.10,258,2649
0.10,259,2651
0.10,260,2650
0.10,261,2649
0.10,262,2645
0.10,263,2640
0.10,264,2642
0.10,265,2638
0.10,266,2640
0.10,267,2640
0.10,268,2635
0.10,269,2642
0.10,270,2639
0.10,271,2638
0.10,272,2639
0.10,273,2637
0.10,274,2632
0.10,275,2630
0.10,276,2627
0.10,277,2623
0.10,278,2622
0.10,279,2624
0.10,280,2621
0.10,281,2621
0.10,282,2621
0.10,283,2620
0.10,284,2620
0.10,285,2615
0.10,286,2616
0.10,287,2613
0.10,288,2610
0.10,289,2612
0.10,290,2609
0.10,291,2612
0.10,292,2608
0.10,293,2606
0.10,294,2601
0.10,295,2600
0.10,296,2595
0.10,297,2592
0.10,298,2596
0.10,299,2599
0.10,300,2598
0.10,301,2600
0.10,302,2601
0.10,303,2593
0.10,304,2590
0.10,305,2591
0.10,306,2586
0.10,307,2586
0.10,308,2582
0.10,309,2581
0.10,310,2579
0.10,311,2580
0.10,312,2576
0.10,313,2579
0.10,314,2577
0.10,315,2577
0.10,316,2574
0.10,317,2585
0.10,318,2574
0.10,319,2577
0.10,320,2570
0.10,321,2574
0.10,322,2568
0.10,323,2567
0.10,324,2559
0.10,325,2563
0.10,326,2560
0.10,327,2560
0.10,328,2562
0.10,329,2558
0.10,330,2561
0.10,331,2562
0.10,332,2563
0.10,333,2565
0.10,334,2559
0.10,335,2555
0.10,336,2557
0.10,337,2556
0.10,338,2550
0.10,339,2546
0.10,340,2546
0.10,341,2546
0.10,342,2543
0.10,343,2538
0.10,344,2530
0.10,345,2530
0.10,346,2529
0.10,347,2532
0.10,348,2532
0.10,349,2533
0.10,350,2537
0.10,351,2530
0.10,352,2533
0.10,353,2527
0.10,354,2525
0.10,355,2527
0.10,356,2524
0.10,357,2519
0.10,358,2524
0.10,359,2521
0.10,360,2522
0.10,361,2524
0.10,362,2523
0.10,363,2518
0.10,364,2524
0.10,365,2517
0.10,366,2519
0.10,367,2515
0.10,368,2517
0.10,369,2519
0.10,370,2516
0.10,371,2517
0.10,372,2519
0.10,373,2514
0.10,374,2516
0.10,375,2507
0.10,376,2507
0.10,377,2510
0.10,378,2510
0.10,379,2508
0.10,380,2507
0.10,381,2507
0.10,382,2501
0.10,383,2497
0.10,384,2495
0.10,385,2494
0.10,386,2490
0.10,387,2493
0.10,388,2496
0.10,389,2493
0.10,390,2491
0.10,391,2488
0.10,392,2492
0.10,393,2489
0.10,394,2490
0.10,395,2495
0.10,396,2498
0.10,397,2497
0.10,398,2501
0.10,399,2501
0.10,400,2499
0.10,401,2493
0.10,402,2496
0.10,403,2489
0.10,404,2483
0.10,405,2489
0.10,406,2490
0.10,407,2487
0.10,408,2483
0.10,409,2489
0.10,410,2484
0.10,411,2487
0.10,412,2487
0.10,413,2480
0.10,414,2479
0.10,415,2481
0.10,416,2481
0.10,417,2478
0.10,418,2478
0.10,419,2479
0.10,420,2482
0.10,421,2482
0.10,422,2478
0.10,423,2484
0.10,424,2479
0.10,425,2477
0.10,426,2482
0.10,427,2476
0.10,428,2482
0.10,429,2473
0.10,430,2481
0.10,431,2477
0.10,432,2478
0.10,433,2473
0.10,434,2476
0.10,435,2471
0.10,436,2474
0.10,437,2472
0.10,438,2471
0.10,439,2466
0.10,440,2462
0.10,441,2466
0.10,442,2464
0.10,443,2464
0.10,444,2468
0.10,445,2464
0.10,446,2467
0.10,447,2467
0.10,448,2468
0.10,449,2467
0.10,450,2463
0.10,451,2459
0.10,452,2461
0.10,453,2453
0.10,454,2453
0.10,455,2448
0.10,456,2452
0.10,457,2449
0.10,458,2450
0.10,459,2453
0.10,460,2455
0.10,461,2454
0.10,462,2453
0.10,463,2449
0.10,464,2453
0.10,465,2451
0.10,466,2447
0.10,467,2446
0.10,468,2442
0.10,469,2442
0.10,470,2439
0.10,471,2443
0.10,472,2433
0.10,473,2436
0.10,474,2429
0.10,475,2432
0.10,476,2430
0.10,477,2427
0.10,478,2422
0.10,479,2430
0.10,480,2424
0.10,481,2423
0.10,482,2424
0.10,483,2416
0.10,484,2421
0.10,485,2417
0.10,486,2420
0.10,487,2422
0.10,488,2420
0.10,489,2418
0.10,490,2419
0.10,491,2417
0.10,492,2416
0.10,493,2414
0.10,494,2414
0.10,495,2413
0.10,496,2418
0.10,497,2415
0.10,498,2415
0.10,499,2413
0.15,0,9380
0.15,1,7402
0.15,2,6351
0.15,3,6314
0.15,4,6065
0.15,5,6053
0.15,6,6011
0.15,7,6017
0.15,8,6081
0.15,9,6084
0.15,10,6111
0.15,11,6113
0.15,12,6130
0.15,13,6146
0.15,14,6165
0.15,15,6174
0.15,16,6183
0.15,17,6169
0.15,18,6159
0.15,19,6153
0.15,20,6147
0.15,21,6123
0.15,22,6116
0.15,23,6093
0.15,24,6081
0.15,25,6069
0.15,26,6061
0.15,27,6040
0.15,28,6000
0.15,29,5981
0.15,30,5950
0.15,31,5948
0.15,32,5924
0.15,33,5910
0.15,34,5890
0.15,35,5861
0.15,36,5844
0.15,37,5820
0.15,38,5795
0.15,39,5779
0.15,40,5756
0.15,41,5732
0.15,42,5708
0.15,43,5689
0.15,44,5665
0.15,45,5650
0.15,46,5636
0.15,47,5615
0.15,48,5593
0.15,49,5564
0.15,50,5538
0.15,51,5526
0.15,52,5506
0.15,53,5493
0.15,54,5470
0.15,55,5444
0.15,56,5423
0.15,57,5404
0.15,58,5398
0.15,59,5379
0.15,60,5367
0.15,61,5360
0.15,62,5340
0.15,63,5323
0.15,64,5305
0.15,65,5286
0.15,66,5274
0.15,67,5266
0.15,68,5251
0.15,69,5239
0.15,70,5230
0.15,71,5211
0.15,72,5196
0.15,73,5180
0.15,74,5172
0.15,75,5150
0.15,76,5151
0.15,77,5135
0.15,78,5124
0.15,79,5104
0.15,80,5092
0.15,81,5070
0.15,82,5051
0.15,83,5039
0.15,84,5020
0.15,85,5011
0.15,86,4993
0.15,87,4983
0.15,88,4974
0.15,89,4963
0.15,90,4946
0.15,91,4925
0.15,92,4911
0.15,93,4901
0.15,94,4884
0.15,95,4877
0.15,96,4848
0.15,97,4841
0.15,98,4824
0.15,99,4821
0.15,100,4813
0.15,101,4800
0.15,102,4790
0.15,103,4776
0.15,104,4769
0.15,105,4753
0.15,106,4746
0.15,107,4734
0.15,108,4726
0.15,109,4708
0.15,110,4708
0.15,111,4687
0.15,112,4681
0.15,113,4673
0.15,114,4664
0.15,115,4648
0.15,116,4645
0.15,117,4642
0.15,118,4622
0.15,119,4619
0.15,120,4604
0.15,121,4600
0.15,122,4585
0.15,123,4573
0.15,124,4565
0.15,125,4555
0.15,126,4552
0.15,127,4545
0.15,128,4527
0.15,129,4529
0.15,130,4517
0.15,131,4509
0.15,132,4490
0.15,133,4487
0.15,134,4473
0.15,135,4469
0.15,136,4455
0.15,137,4448
0.15,138,4447
0.15,139,4443
0.15,140,4428
0.15,141,4411
0.15,142,4410
0.15,143,4407
0.15,144,4399
0.15,145,4390
0.15,146,4381
0.15,147,4374
0.15,148,4368
0.15,149,4369
0.15,150,4350
0.15,151,4344
0.15,152,4339
0.15,153,4335
0.15,154,4319
0.15,155,4305
0.15,156,4294
0.15,157,4290
0.15,158,4284
0.15,159,4278
0.15,160,4275
0.15,161,4272
0.15,162,4258
0.15,163,4250
0.15,164,4246
0.15,165,4233
0.15,166,4217
0.15,167,4208
0.15,168,4195
0.15,169,4191
0.15,170,4184
0.15,171,4182
0.15,172,4171
0.15,173,4170
0.15,174,4154
0.15,175,4149
0.15,176,4149
0.15,177,4140
0.15,178,4123
0.15,179,4125
0.15,180,4110
0.15,181,4113
0.15,182,4103
0.15,183,4106
0.15,184,4103
0.15,185,4100
0.15,186,4089
0.15,187,4082
0.15,188,4080
0.15,189,4070
0.15,190,4075
0.15,191,4072
0.15,192,4069
0.15,193,4061
0.15,194,4065
0.15,195,4047
0.15,196,4044
0.15,197,4036
0.15,198,4031
0.15,199,4020
0.15,200,4012
0.15,201,4004
0.15,202,3990
0.15,203,3985
0.15,204,3975
0.15,205,3976
0.15,206,3966
0.15,207,3958
0.15,208,3956
0.15,209,3938
0.15,210,3944
0.15,211,3934
0.15,212,3939
0.15,213,3933
0.15,214,3943
0.15,215,3941
0.15,216,3939
0.15,217,3934
0.15,218,3930
0.15,219,3925
0.15,220,3924
0.15,221,3917
0.15,222,3913
0.15,223,3906
0.15,224,3899
0.15,225,3898
0.15,226,3897
0.15,227,3898
0.15,228,3888
0.15,229,3887
0.15,230,3880
0.15,231,3881
0.15,232,3886
0.15,233,3879
0.15,234,3878
0.15,235,3878
0.15,236,3874
0.15,237,3871
0.15,238,3867
0.15,239,3870
0.15,240,3863
0.15,241,3859
0.15,242,3855
0.15,243,3847
0.15,244,3837
0.15,245,3831
0.15,246,3822
0.15,247,3825
0.15,248,3810
0.15,249,3809
0.15,250,3802
0.15,251,3802
0.15,252,3797
0.15,253,3801
0.15,254,3784
0.15,255,3783
0.15,256,3777
0.15,257,3771
0.15,258,3774
0.15,259,3772
0.15,260,3764
0.15,261,3764
0.15,262,3756
0.15,263,3748
0.15,264,3747
0.15,265,3743
0.15,266,3738
0.15,267,3741
0.15,268,3739
0.15,269,3741
0.15,270,3732
0.15,271,3728
0.15,272,3723
0.15,273,3724
0.15,274,3710
0.15,275,3708
0.15,276,3699
0.15,277,3700
0.15,278,3697
0.15,279,3688
0.15,280,3678
0.15,281,3672
0.15,282,3673
0.15,283,3671
0.15,284,3677
0.15,285,3671
0.15,286,3674
0.15,287,3667
0.15,288,3661
0.15,289,3659
0.15,290,3647
0.15,291,3653
0.15,292,3639
0.15,293,3636
0.15,294,3636
0.15,295,3628
0.15,296,3626
0.15,297,3625
0.15,298,3634
0.15,299,3626
0.15,300,3624
0.15,301,3615
0.15,302,3606
0.15,303,3608
0.15,304,3593
0.15,305,3592
0.15,306,3581
0.15,307,3579
0.15,308,3580
0.15,309,3573
0.15,310,3566
0.15,311,3561
0.15,312,3561
0.15,313,3564
0.15,314,3560
0.15,315,3561
0.15,316,3563
0.15,317,3551
0.15,318,3553
0.15,319,3549
0.15,320,3543
0.15,321,3538
0.15,322,3533
0.15,323,3523
0.15,324,3526
0.15,325,3517
0.15,326,3522
0.15,327,3514
0.15,328,3504
0.15,329,3499
0.15,330,3498
0.15,331,3499
0.15,332,3492
0.15,333,3488
0.15,334,3489
0.15,335,3483
0.15,336,3495
0.15,337,3482
0.15,338,3482
0.15,339,3487
0.15,340,3483
0.15,341,3478
0.15,342,3476
0.15,343,3470
0.15,344,3466
0.15,345,3466
0.15,346,3460
0.15,347,3460
0.15,348,3448
0.15,349,3451
0.15,350,3437
0.15,351,3438
0.15,352,3436
0.15,353,3441
0.15,354,3434
0.15,355,3443
0.15,356,3435
0.15,357,3441
0.15,358,3430
0.15,359,3431
0.15,360,3427
0.15,361,3420
0.15,362,3419
0.15,363,3419
0.15,364,3419
0.15,365,3416
0.15,366,3406
0.15,367,3410
0.15,368,3402
0.15,369,3399
0.15,370,3390
0.15,371,3385
0.15,372,3379
0.15,373,3383
0.15,374,3367
0.15,375,3377
0.15,376,3365
0.15,377,3372
0.15,378,3361
0.15,379,3365
0.15,380,3357
0.15,381,3360
0.15,382,3356
0.15,383,3350
0.15,384,3345
0.15,385,3341
0.15,386,3337
0.15,387,3326
0.15,388,3328
0.15,389,3325
0.15,390,3336
0.15,391,3329
0.15,392,3327
0.15,393,3321
0.15,394,3322
0.15,395,3315
0.15,396,3315
0.15,397,3311
0.15,398,3314
0.15,399,3302
0.15,400,3305
0.15,401,3300
0.15,402,3295
0.15,403,3293
0.15,404,3283
0.15,405,3283
0.15,406,3268
0.15,407,3268
0.15,408,3270
0.15,409,3266
0.15,410,3264
0.15,411,3262
0.15,412,3259
0.15,413,3249
0.15,414,3247
0.15,415,3251
0.15,416,3246
0.15,417,3247
0.15,418,3243
0.15,419,3239
0.15,420,3233
0.15,421,3227
0.15,422,3225
0.15,423,3218
0.15,424,3219
0.15,425,3219
0.15,426,3213
0.15,427,3216
0.15,428,3214
0.15,429,3209
0.15,430,3207
0.15,431,3197
0.15,432,3189
0.15,433,3194
0.15,434,3185
0.15,435,3188
0.15,436,3186
0.15,437,3187
0.15,438,3185
0.15,439,3176
0.15,440,3179
0.15,441,3169
0.15,442,3167
0.15,443,3169
0.15,444,3162
0.15,445,3160
0.15,446,3159
0.15,447,3164
0.15,448,3154
0.15,449,3155
0.15,450,3150
0.15,451,3148
0.15,452,3147
0.15,453,3149
0.15,454,3152
0.15,455,3150
0.15,456,3155
0.15,457,3148
0.15,458,3149
0.15,459,3140
0.15,460,3146
0.15,461,3139
0.15,462,3143
0.15,463,3140
0.15,464,3140
0.15,465,3143
0.15,466,3134
0.15,467,3136
0.15,468,3131
0.15,469,3131
0.15,470,3129
0.15,471,3135
0.15,472,3134
0.15,473,3141
0.15,474,3135
0.15,475,3126
0.15,476,3131
0.15,477,3126
0.15,478,3129
0.15,479,3124
0.15,480,3132
0.15,481,3124
0.15,482,3131
0.15,483,3130
0.15,484,3123
0.15,485,3117
0.15,486,3114
0.15,487,3108
0.15,488,3104
0.15,489,3106
0.15,490,3109
0.15,491,3099
0.15,492,3100
0.15,493,3094
0.15,494,3093
0.15,495,3090
0.15,496,3088
0.15,497,3090
0.15,498,3084
0.15,499,3083
0.20,0,12483
0.20,1,12696
0.20,2,11062
0.20,3,11330
0.20,4,10667
0.20,5,10643
0.20,6,10316
0.20,7,10219
0.20,8,10024
0.20,9,9890
0.20,10,9738
0.20,11,9604
0.20,12,9468
0.20,13,9341
0.20,14,9230
0.20,15,9103
0.20,16,9012
0.20,17,8893
0.20,18,8788
0.20,19,8679
0.20,20,8599
0.20,21,8506
0.20,22,8422
0.20,23,8339
0.20,24,8263
0.20,25,8181
0.20,26,8116
0.20,27,8050
0.20,28,7980
0.20,29,7910
0.20,30,7838
0.20,31,7781
0.20,32,7719
0.20,33,7662
0.20,34,7604
0.20,35,7553
0.20,36,7500
0.20,37,7452
0.20,38,7387
0.20,39,7357
0.20,40,7287
0.20,41,7252
0.20,42,7202
0.20,43,7162
0.20,44,7117
0.20,45,7072
0.20,46,7019
0.20,47,6967
0.20,48,6930
0.20,49,6885
0.20,50,6851
0.20,51,6828
0.20,52,6782
0.20,53,6757
0.20,54,6701
0.20,55,6677
0.20,56,6645
0.20,57,6606
0.20,58,6576
0.20,59,6539
0.20,60,6510
0.20,61,6476
0.20,62,6429
0.20,63,6416
0.20,64,6373
0.20,65,6339
0.20,66,6308
0.20,67,6293
0.20,68,6260
0.20,69,6251
0.20,70,6216
0.20,71,6196
0.20,72,6148
0.20,73,6133
0.20,74,6086
0.20,75,6074
0.20,76,6037
0.20,77,6016
0.20,78,5985
0.20,79,5965
0.20,80,5931
0.20,81,5903
0.20,82,5871
0.20,83,5833
0.20,84,5820
0.20,85,5792
0.20,86,5780
0.20,87,5760
0.20,88,5725
0.20,89,5711
0.20,90,5694
0.20,91,5666
0.20,92,5642
0.20,93,5622
0.20,94,5607
0.20,95,5579
0.20,96,5551
0.20,97,5545
0.20,98,5522
0.20,99,5501
0.20,100,5483
0.20,101,5472
0.20,102,5448
0.20,103,5449
0.20,104,5422
0.20,105,5414
0.20,106,5382
0.20,107,5375
0.20,108,5345
0.20,109,5327
0.20,110,5316
0.20,111,5299
0.20,112,5284
0.20,113,5263
0.20,114,5246
0.20,115,5235
0.20,116,5221
0.20,117,5204
0.20,118,5197
0.20,119,5164
0.20,120,5160
0.20,121,5145
0.20,122,5130
0.20,123,5112
0.20,124,5099
0.20,125,5090
0.20,126,5082
0.20,127,5074
0.20,128,5047
0.20,129,5040
0.20,130,5019
0.20,131,5017
0.20,132,4998
0.20,133,4983
0.20,134,4964
0.20,135,4959
0.20,136,4937
0.20,137,4924
0.20,138,4915
0.20,139,4904
0.20,140,4890
0.20,141,4879
0.20,142,4863
0.20,143,4859
0.20,144,4847
0.20,145,4842
0.20,146,4827
0.20,147,4811
0.20,148,4796
0.20,149,4776
0.20,150,4770
0.20,151,4767
0.20,152,4737
0.20,153,4723
0.20,154,4724
0.20,155,4716
0.20,156,4704
0.20,157,4693
0.20,158,4686
0.20,159,4670
0.20,160,4657
0.20,161,4649
0.20,162,4640
0.20,163,4633
0.20,164,4626
0.20,165,4622
0.20,166,4612
0.20,167,4608
0.20,168,4586
0.20,169,4581
0.20,170,4571
0.20,171,4548
0.20,172,4548
0.20,173,4529
0.20,174,4530
0.20,175,4515
0.20,176,4494
0.20,177,4489
0.20,178,4484
0.20,179,4477
0.20,180,4458
0.20,181,4455
0.20,182,4440
0.20,183,4443
0.20,184,4429
0.20,185,4421
0.20,186,4416
0.20,187,4416
0.20,188,4406
0.20,189,4398
0.20,190,4385
0.20,191,4380
0.20,192,4373
0.20,193,4365
0.20,194,4366
0.20,195,4353
0.20,196,4347
0.20,197,4341
0.20,198,4334
0.20,199,4323
0.20,200,4320
0.20,201,4307
0.20,202,4314
0.20,203,4304
0.20,204,4288
0.20,205,4285
0.20,206,4273
0.20,207,4260
0.20,208,4256
0.20,209,4242
0.20,210,4231
0.20,211,4227
0.20,212,4218
0.20,213,4212
0.20,214,4207
0.20,215,4200
0.20,216,4190
0.20,217,4187
0.20,218,4188
0.20,219,4178
0.20,220,4175
0.20,221,4163
0.20,222,4161
0.20,223,4154
0.20,224,4147
0.20,225,4149
0.20,226,4146
0.20,227,4133
0.20,228,4127
0.20,229,4117
0.20,230,4107
0.20,231,4105
0.20,232,4099
0.20,233,4095
0.20,234,4090
0.20,235,4080
0.20,236,4080
0.20,237,4066
0.20,238,4058
0.20,239,4050
0.20,240,4046
0.20,241,4035
0.20,242,4033
0.20,243,4026
0.20,244,4025
0.20,245,4010
0.20,246,4009
0.20,247,4001
0.20,248,4001
0.20,249,3982
0.20,250,3979
0.20,251,3971
0.20,252,3971
0.20,253,3966
0.20,254,3964
0.20,255,3960
0.20,256,3959
0.20,257,3954
0.20,258,3946
0.20,259,3942
0.20,260,3939
0.20,261,3931
0.20,262,3918
0.20,263,3910
0.20,264,3910
0.20,265,3903
0.20,266,3908
0.20,267,3897
0.20,268,3896
0.20,269,3895
0.20,270,3890
0.20,271,3878
0.20,272,3875
0.20,273,3864
0.20,274,3870
0.20,275,3865
0.20,276,3863
0.20,277,3861
0.20,278,3849
0.20,279,3845
0.20,280,3841
0.20,281,3837
0.20,282,3829
0.20,283,3818
0.20,284,3810
0.20,285,3798
0.20,286,3789
0.20,287,3782
0.20,288,3775
0.20,289,3773
0.20,290,3768
0.20,291,3768
0.20,292,3756
0.20,293,3755
0.20,294,3748
0.20,295,3746
0.20,296,3742
0.20,297,3731
0.20,298,3729
0.20,299,3722
0.20,300,3724
0.20,301,3716
0.20,302,3712
0.20,303,3713
0.20,304,3711
0.20,305,3709
0.20,306,3707
0.20,307,3705
0.20,308,3692
0.20,309,3692
0.20,310,3681
0.20,311,3685
0.20,312,3675
0.20,313,3673
0.20,314,3667
0.20,315,3670
0.20,316,3663
0.20,317,3664
0.20,318,3652
0.20,319,3651
0.20,320,3643
0.20,321,3642
0.20,322,3637
0.20,323,3632
0.20,324,3630
0.20,325,3621
0.20,326,3622
0.20,327,3605
0.20,328,3612
0.20,329,3605
0.20,330,3600
0.20,331,3597
0.20,332,3595
0.20,333,3585
0.20,334,3592
0.20,335,3590
0.20,336,3582
0.20,337,3586
0.20,338,3582
0.20,339,3580
0.20,340,3568
0.20,341,3565
0.20,342,3561
0.20,343,3558
0.20,344,3552
0.20,345,3545
0.20,346,3545
0.20,347,3537
0.20,348,3526
0.20,349,3528
0.20,350,3525
0.20,351,3524
0.20,352,3522
0.20,353,3513
0.20,354,3507
0.20,355,3502
0.20,356,3498
0.20,357,3498
0.20,358,3493
0.20,359,3502
0.20,360,3498
0.20,361,3504
0.20,362,3498
0.20,363,3508
0.20,364,3505
0.20,365,3499
0.20,366,3503
0.20,367,3491
0.20,368,3494
0.20,369,3487
0.20,370,3488
0.20,371,3484
0.20,372,3481
0.20,373,3481
0.20,374,3475
0.20,375,3468
0.20,376,3470
0.20,377,3461
0.20,378,3463
0.20,379,3453
0.20,380,3450
0.20,381,3449
0.20,382,3443
0.20,383,3437
0.20,384,3432
0.20,385,3432
0.20,386,3433
0.20,387,3432
0.20,388,3423
0.20,389,3417
0.20,390,3411
0.20,391,3406
0.20,392,3404
0.20,393,3400
0.20,394,3400
0.20,395,3393
0.20,396,3391
0.20,397,3389
0.20,398,3382
0.20,399,3387
0.20,400,3374
0.20,401,3376
0.20,402,3371
0.20,403,3373
0.20,404,3359
0.20,405,3361
0.20,406,3355
0.20,407,3352
0.20,408,3360
0.20,409,3364
0.20,410,3365
0.20,411,3359
0.20,412,3356
0.20,413,3344
0.20,414,3350
0.20,415,3341
0.20,416,3340
0.20,417,3336
0.20,418,3331
0.20,419,3327
0.20,420,3326
0.20,421,3320
0.20,422,3321
0.20,423,3311
0.20,424,3303
0.20,425,3304
0.20,426,3295
0.20,427,3296
0.20,428,3303
0.20,429,3302
0.20,430,3300
0.20,431,3289
0.20,432,3291
0.20,433,3293
0.20,434,3292
0.20,435,3287
0.20,436,3286
0.20,437,3291
0.20,438,3286
0.20,439,3284
0.20,440,3283
0.20,441,3276
0.20,442,3271
0.20,443,3272
0.20,444,3275
0.20,445,3275
0.20,446,3263
0.20,447,3270
0.20,448,3257
0.20,449,3263
0.20,450,3258
0.20,451,3253
0.20,452,3245
0.20,453,3244
0.20,454,3241
0.20,455,3232
0.20,456,3231
0.20,457,3217
0.20,458,3217
0.20,459,3214
0.20,460,3214
0.20,461,3208
0.20,462,3200
0.20,463,3195
0.20,464,3197
0.20,465,3192
0.20,466,3185
0.20,467,3181
0.20,468,3182
0.20,469,3186
0.20,470,3185
0.20,471,3187
0.20,472,3184
0.20,473,3184
0.20,474,3186
0.20,475,3188
0.20,476,3176
0.20,477,3176
0.20,478,3174
0.20,479,3172
0.20,480,3166
0.20,481,3167
0.20,482,3167
0.20,483,3165
0.20,484,3156
0.20,485,3161
0.20,486,3154
0.20,487,3154
0.20,488,3138
0.20,489,3131
0.20,490,3132
0.20,491,3130
0.20,492,3124
0.20,493,3124
0.20,494,3123
0.20,495,3125
0.20,496,3128
0.20,497,3117
0.20,498,3126
0.20,499,3118
0.25,0,15623
0.25,1,17713
0.25,2,15175
0.25,3,15435
0.25,4,14367
0.25,5,14164
0.25,6,13547
0.25,7,13223
0.25,8,12811
0.25,9,12484
0.25,10,12144
0.25,11,11865
0.25,12,11597
0.25,13,11372
0.25,14,11136
0.25,15,10945
0.25,16,10729
0.25,17,10540
0.25,18,10344
0.25,19,10175
0.25,20,10005
0.25,21,9856
0.25,22,9701
0.25,23,9579
0.25,24,9441
0.25,25,9325
0.25,26,9202
0.25,27,9098
0.25,28,8978
0.25,29,8872
0.25,30,8772
0.25,31,8684
0.25,32,8586
0.25,33,8513
0.25,34,8413
0.25,35,8319
0.25,36,8244
0.25,37,8175
0.25,38,8089
0.25,39,8017
0.25,40,7961
0.25,41,7878
0.25,42,7819
0.25,43,7755
0.25,44,7683
0.25,45,7636
0.25,46,7565
0.25,47,7501
0.25,48,7450
0.25,49,7400
0.25,50,7351
0.25,51,7293
0.25,52,7248
0.25,53,7188
0.25,54,7142
0.25,55,7096
0.25,56,7050
0.25,57,7007
0.25,58,6967
0.25,59,6924
0.25,60,6882
0.25,61,6859
0.25,62,6804
0.25,63,6772
0.25,64,6725
0.25,65,6694
0.25,66,6638
0.25,67,6616
0.25,68,6574
0.25,69,6545
0.25,70,6505
0.25,71,6471
0.25,72,6432
0.25,73,6399
0.25,74,6362
0.25,75,6351
0.25,76,6312
0.25,77,6278
0.25,78,6249
0.25,79,6220
0.25,80,6190
0.25,81,6165
0.25,82,6134
0.25,83,6089
0.25,84,6083
0.25,85,6033
0.25,86,6025
0.25,87,6006
0.25,88,5983
0.25,89,5960
0.25,90,5928
0.25,91,5918
0.25,92,5891
0.25,93,5883
0.25,94,5840
0.25,95,5828
0.25,96,5798
0.25,97,5791
0.25,98,5780
0.25,99,5746
0.25,100,5722
0.25,101,5698
0.25,102,5681
0.25,103,5662
0.25,104,5641
0.25,105,5609
0.25,106,5598
0.25,107,5584
0.25,108,5556
0.25,109,5542
0.25,110,5522
0.25,111,5500
0.25,112,5490
0.25,113,5467
0.25,114,5452
0.25,115,5419
0.25,116,5399
0.25,117,5380
0.25,118,5364
0.25,119,5359
0.25,120,5346
0.25,121,5331
0.25,122,5326
0.25,123,5306
0.25,124,5300
0.25,125,5287
0.25,126,5278
0.25,127,5251
0.25,128,5238
0.25,129,5221
0.25,130,5211
0.25,131,5201
0.25,132,5187
0.25,133,5167
0.25,134,5153
0.25,135,5140
0.25,136,5126
0.25,137,5116
0.25,138,5108
0.25,139,5097
0.25,140,5088
0.25,141,5063
0.25,142,5050
0.25,143,5032
0.25,144,5022
0.25,145,5012
0.25,146,5000
0.25,147,4976
0.25,148,4975
0.25,149,4946
0.25,150,4938
0.25,151,4923
0.25,152,4914
0.25,153,4914
0.25,154,4904
0.25,155,4894
0.25,156,4886
0.25,157,4859
0.25,158,4852
0.25,159,4841
0.25,160,4827
0.25,161,4813
0.25,162,4807
0.25,163,4790
0.25,164,4795
0.25,165,4774
0.25,166,4768
0.25,167,4755
0.25,168,4743
0.25,169,4726
0.25,170,4715
0.25,171,4690
0.25,172,4697
0.25,173,4682
0.25,174,4670
0.25,175,4659
0.25,176,4654
0.25,177,4634
0.25,178,4642
0.25,179,4619
0.25,180,4623
0.25,181,4605
0.25,182,4598
0.25,183,4587
0.25,184,4573
0.25,185,4569
0.25,186,4552
0.25,187,4539
0.25,188,4529
0.25,189,4509
0.25,190,4499
0.25,191,4489
0.25,192,4481
0.25,193,4474
0.25,194,4446
0.25,195,4449
0.25,196,4436
0.25,197,4436
0.25,198,4425
0.25,199,4426
0.25,200,4414
0.25,201,4407
0.25,202,4397
0.25,203,4388
0.25,204,4383
0.25,205,4364
0.25,206,4359
0.25,207,4360
0.25,208,4353
0.25,209,4342
0.25,210,4333
0.25,211,4325
0.25,212,4319
0.25,213,4312
0.25,214,4309
0.25,215,4301
0.25,216,4299
0.25,217,4296
0.25,218,4282
0.25,219,4271
0.25,220,4267
0.25,221,4267
0.25,222,4252
0.25,223,4253
0.25,224,4236
0.25,225,4228
0.25,226,4213
0.25,227,4206
0.25,228,4187
0.25,229,4188
0.25,230,4177
0.25,231,4171
0.25,232,4160
0.25,233,4152
0.25,234,4155
0.25,235,4141
0.25,236,4141
0.25,237,4133
0.25,238,4129
0.25,239,4122
0.25,240,4111
0.25,241,4108
0.25,242,4102
0.25,243,4096
0.25,244,4093
0.25,245,4098
0.25,246,4082
0.25,247,4081
0.25,248,4073
0.25,249,4071
0.25,250,4062
0.25,251,4063
0.25,252,4055
0.25,253,4052
0.25,254,4046
0.25,255,4037
0.25,256,4029
0.25,257,4032
0.25,258,4022
0.25,259,4027
0.25,260,4022
0.25,261,4011
0.25,262,4014
0.25,263,3998
0.25,264,3988
0.25,265,3979
0.25,266,3970
0.25,267,3960
0.25,268,3946
0.25,269,3938
0.25,270,3932
0.25,271,3931
0.25,272,3933
0.25,273,3923
0.25,274,3918
0.25,275,3922
0.25,276,3913
0.25,277,3906
0.25,278,3905
0.25,279,3893
0.25,280,3895
0.25,281,3891
0.25,282,3881
0.25,283,3888
0.25,284,3880
0.25,285,3879
0.25,286,3873
0.25,287,3862
0.25,288,3856
0.25,289,3851
0.25,290,3853
0.25,291,3836
0.25,292,3827
0.25,293,3811
0.25,294,3808
0.25,295,3804
0.25,296,3806
0.25,297,3793
0.25,298,3784
0.25,299,3779
0.25,300,3781
0.25,301,3773
0.25,302,3766
0.25,303,3763
0.25,304,3757
0.25,305,3757
0.25,306,3753
0.25,307,3755
0.25,308,3746
0.25,309,3745
0.25,310,3752
0.25,311,3745
0.25,312,3742
0.25,313,3738
0.25,314,3728
0.25,315,3727
0.25,316,3728
0.25,317,3716
0.25,318,3715
0.25,319,3710
0.25,320,3705
0.25,321,3703
0.25,322,3694
0.25,323,3692
0.25,324,3697
0.25,325,3689
0.25,326,3691
0.25,327,3688
0.25,328,3681
0.25,329,3680
0.25,330,3679
0.25,331,3672
0.25,332,3673
0.25,333,3661
0.25,334,3666
0.25,335,3659
0.25,336,3661
0.25,337,3655
0.25,338,3646
0.25,339,3645
0.25,340,3636
0.25,341,3641
0.25,342,3637
0.25,343,3624
0.25,344,3629
0.25,345,3618
0.25,346,3622
0.25,347,3620
0.25,348,3614
0.25,349,3606
0.25,350,3606
0.25,351,3600
0.25,352,3589
0.25,353,3600
0.25,354,3591
0.25,355,3598
0.25,356,3589
0.25,357,3589
0.25,358,3581
0.25,359,3588
0.25,360,3578
0.25,361,3577
0.25,362,3568
0.25,363,3565
0.25,364,3562
0.25,365,3561
0.25,366,3557
0.25,367,3556
0.25,368,3553
0.25,369,3551
0.25,370,3541
0.25,371,3536
0.25,372,3524
0.25,373,3531
0.25,374,3525
0.25,375,3518
0.25,376,3520
0.25,377,3512
0.25,378,3505
0.25,379,3507
0.25,380,3500
0.25,381,3494
0.25,382,3490
0.25,383,3480
0.25,384,3475
0.25,385,3470
0.25,386,3470
0.25,387,3466
0.25,388,3465
0.25,389,3467
0.25,390,3461
0.25,391,3463
0.25,392,3458
0.25,393,3461
0.25,394,3452
0.25,395,3451
0.25,396,3448
0.25,397,3446
0.25,398,3439
0.25,399,3440
0.25,400,3436
0.25,401,3436
0.25,402,3430
0.25,403,3430
0.25,404,3424
0.25,405,3423
0.25,406,3416
0.25,407,3419
0.25,408,3410
0.25,409,3408
0.25,410,3406
0.2