generation,fish,shark
0,2505,830
1,1970,830
2,3164,830
3,2709,830
4,4056,830
5,3738,830
6,4840,830
7,4712,830
8,5494,823
9,5480,817
10,6019,814
11,6070,811
12,6437,809
13,6508,808
14,6754,807
15,6827,807
16,6971,806
17,7025,806
18,7108,806
19,7150,806
20,6610,1612
21,5823,1612
22,5305,1612
23,4835,1612
24,4432,1612
25,4051,1612
26,3716,1611
27,3391,1611
28,3106,1609
29,2835,1603
30,2592,1592
31,2373,1574
32,2175,1550
33,2005,1518
34,1853,1476
35,1731,1425
36,1630,1369
37,1557,1306
38,1511,1243
39,1487,1178
40,1464,2217
41,1150,2150
42,963,2086
43,846,2021
44,793,1951
45,758,1884
46,762,1814
47,764,1733
48,821,1062
49,887,841
50,991,663
51,1106,533
52,1265,437
53,1435,369
54,1658,318
55,1892,281
56,2185,258
57,2485,242
58,2844,231
59,3207,222
60,3560,433
61,3775,429
62,4067,426
63,4357,423
64,4674,422
65,4979,421
66,5287,419
67,5574,418
68,5855,404
69,6111,399
70,6355,394
71,6572,391
72,6777,388
73,6951,386
74,7112,385
75,7248,383
76,7367,383
77,7472,382
78,7554,381
79,7625,381
80,7392,761
81,7113,761
82,6975,761
83,6859,761
84,6772,761
85,6698,761
86,6633,761
87,6579,760
88,6539,758
89,6507,756
90,6485,752
91,6474,747
92,6468,742
93,6465,736
94,6468,730
95,6482,724
96,6494,719
97,6523,714
98,6551,710
99,6589,706
100,6272,1405
101,5661,1402
102,5239,1399
103,4875,1396
104,4588,1394
105,4341,1391
106,4132,1388
107,3960,1383
108,3803,1333
109,3680,1287
110,3575,1227
111,3492,1160
112,3436,1092
113,3391,1028
114,3373,969
115,3373,914
116,3404,867
117,3454,827
118,3541,794
119,3643,764
120,3629,1481
121,3259,1458
122,3049,1439
123,2877,1422
124,2791,1406
125,2740,1390
126,2731,1372
127,2732,1352
128,2768,1166
129,2821,1073
130,2897,979
131,2991,892
132,3098,818
133,3230,755
134,3373,702
135,3530,659
136,3703,624
137,3895,594
138,4103,570
139,4333,550
140,4430,1068
141,4282,1054
142,4248,1041
143,4238,1030
144,4267,1020
145,4299,1011
146,4354,1000
147,4412,990
148,4492,892
149,4574,850
150,4674,811
151,4781,777
152,4906,748
153,5022,722
154,5160,700
155,5293,682
156,5438,666
157,5580,652
158,5733,642
159,5878,632
160,5752,1249
161,5349,1243
162,5096,1237
163,4891,1233
164,4729,1229
165,4601,1224
166,4491,1218
167,4404,1211
168,4339,1150
169,4292,1113
170,4273,1067
171,4259,1020
172,4266,976
173,4298,935
174,4329,898
175,4395,864
176,4465,836
177,4558,812
178,4659,790
179,4777,771
180,4658,1509
181,4197,1495
182,3887,1483
183,3650,1471
184,3470,1460
185,3331,1449
186,3223,1436
187,3142,1423
188,3093,1287
189,3067,1203
190,3068,1122
191,3087,1042
192,3130,970
193,3185,901
194,3271,843
195,3368,792
196,3487,749
197,3628,712
198,3780,681
199,3951,655
200,3983,1265
201,3737,1244
202,3610,1228
203,3541,1215
204,3512,1200
205,3512,1188
206,3543,1175
207,3577,1159
208,3640,1007
209,3714,934
210,3819,865
211,3920,806
212,4057,753
213,4192,713
214,4347,677
215,4505,648
216,4682,623
217,4865,603
218,5056,584
219,5253,569
220,5247,1113
221,4999,1103
222,4871,1094
223,4790,1086
224,4737,1079
225,4705,1072
226,4689,1066
227,4682,1057
228,4682,978
229,4703,939
230,4735,902
231,4786,867
232,4842,834
233,4909,806
234,4991,780
235,5086,757
236,5192,737
237,5302,721
238,5419,707
239,5546,694
240,5402,1367
241,4959,1357
242,4666,1349
243,4427,1342
244,4238,1335
245,4091,1329
246,3973,1320
247,3877,1312
248,3809,1225
249,3762,1170
250,3737,1111
251,3734,1050
252,3744,989
253,3776,937
254,3824,890
255,3889,848
256,3971,811
257,4075,778
258,4196,750
259,4334,727
260,4283,1415
261,3908,1398
262,3678,1385
263,3509,1370
264,3389,1357
265,3309,1344
266,3251,1332
267,3230,1315
268,3228,1168
269,3256,1090
270,3292,1013
271,3357,940
272,3429,873
273,3529,815
274,3636,766
275,3767,723
276,3902,688
277,4066,657
278,4238,631
279,4426,608
280,4452,1177
281,4246,1160
282,4140,1145
283,4081,1132
284,4052,1119
285,4052,1108
286,4075,1098
287,4104,1084
288,4147,961
289,4204,906
290,4272,854
291,4365,807
292,4459,767
293,4579,732
294,4697,702
295,4830,677
296,4974,658
297,5134,642
298,5296,628
299,5469,616
300,5394,1210
301,5068,1201
302,4869,1194
303,4719,1187
304,4611,1181
305,4531,1175
306,4463,1168
307,4422,1160
308,4385,1086
309,4365,1044
310,4366,1000
311,4387,957
312,4416,918
313,4463,883
314,4523,850
315,4603,822
316,4690,799
317,4802,775
318,4914,757
319,5045,741
320,4934,1455
321,4492,1442
322,4208,1432
323,3982,1422
324,3812,1412
325,3664,1401
326,3561,1390
327,3476,1377
328,3421,1253
329,3389,1180
330,3377,1102
331,3384,1031
332,3416,965
333,3465,902
334,3532,847
335,3619,801
336,3728,763
337,3853,730
338,3996,702
339,4165,679
340,4172,1316
341,3889,1299
342,3727,1284
343,3613,1271
344,3552,1261
345,3511,1249
346,3499,1234
347,3498,1219
348,3525,1081
349,3572,1015
350,3639,952
351,3716,890
352,3815,833
353,3925,785
354,4052,742
355,4193,706
356,4344,674
357,4509,646
358,4688,625
359,4874,605
360,4880,1176
361,4636,1163
362,4511,1151
363,4430,1139
364,4382,1129
365,4359,1120
366,4349,1109
367,4348,1098
368,4366,992
369,4391,943
370,4438,898
371,4498,858
372,4572,821
373,4659,787
374,4764,759
375,4873,736
376,4998,717
377,5129,700
378,5273,686
379,5419,674
380,5314,1327
381,4907,1317
382,4655,1309
383,4450,1301
384,4298,1295
385,4171,1288
386,4075,1280
387,3993,1270
388,3943,1183
389,3901,1132
390,3883,1075
391,3875,1020
392,3885,969
393,3915,920
394,3967,876
395,4032,838
396,4125,807
397,4218,779
398,4342,755
399,4465,734
400,4415,1432
401,4022,1415
402,3785,1402
403,3594,1389
404,3478,1378
405,3382,1365
406,3326,1352
407,3280,1335
408,3272,1188
409,3282,1110
410,3322,1032
411,3375,956
412,3452,888
413,3543,827
414,3652,777
415,3774,733
416,3911,697
417,4063,668
418,4233,641
419,4420,619
420,4452,1198
421,4212,1183
422,4092,1170
423,4020,1158
424,3981,1147
425,3970,1138
426,3975,1127
427,3995,1115
428,4032,1002
429,4098,945
430,4166,889
431,4260,840
432,4356,793
433,4469,753
434,4593,716
435,4729,686
436,4871,661
437,5023,640
438,5185,623
439,5352,609
440,5286,1194
441,4964,1185
442,4784,1177
443,4643,1170
444,4547,1163
445,4471,1157
446,4417,1151
447,4375,1142
448,4353,1067
449,4347,1026
450,4363,985
451,4398,944
452,4438,907
453,4499,873
454,4565,842
455,4646,815
456,4740,791
457,4852,770
458,4968,752
459,5103,736
460,4983,1443
461,4540,1431
462,4250,1421
463,4022,1411
464,3845,1403
465,3710,1393
466,3600,1383
467,3515,1369
468,3455,1253
469,3417,1184
470,3408,1112
471,3416,1040
472,3446,973
473,3490,914
474,3557,861
475,3639,812
476,3745,772
477,3870,736
478,4012,706
479,4175,681
480,4178,1319
481,3888,1301
482,3734,1286
483,3627,1271
484,3571,1258
485,3537,1246
486,3541,1231
487,3546,1217
488,3588,1070
489,3639,997
490,3720,925
491,3804,861
492,3918,805
493,4033,760
494,4173,720
495,4314,685
496,4481,657
497,4645,635
498,4827,615
499,5010,597
500,5009,1168
501,4738,1156
502,4602,1148
503,4504,1141
504,4450,1133
505,4422,1126
506,4407,1119
507,4403,1109
508,4416,1025
509,4446,979
510,4486,934
511,4543,890
512,4605,850
513,4685,817
514,4764,785
515,4862,757
516,4968,736
517,5086,717
518,5208,700
519,5350,685
520,5236,1345
521,4832,1335
522,4577,1325
523,4369,1317
524,4212,1310
525,4095,1302
526,3996,1295
527,3930,1285
528,3875,1192
529,3846,1137
530,3830,1081
531,3841,1024
532,3860,973
533,3907,926
534,3965,883
535,4042,845
536,4135,811
537,4244,782
538,4375,754
539,4520,731
540,4466,1426
541,4094,1409
542,3865,1395
543,3690,1383
544,3567,1372
545,3476,1359
546,3418,1347
547,3375,1330
548,3362,1185
549,3374,1110
550,3404,1033
551,3453,963
552,3516,901
553,3603,846
554,3701,800
555,3823,759
556,3953,726
557,4113,696
558,4283,670
559,4469,648
560,4477,1259
561,4222,1244
562,4088,1232
563,4001,1217
564,3957,1205
565,3929,1193
566,3929,1180
567,3936,1166
568,3969,1035
569,4015,973
570,4074,913
571,4146,858
572,4231,811
573,4331,770
574,4438,731
575,4565,699
576,4701,675
577,4853,653
578,5015,636
579,5183,622
580,5138,1216
581,4816,1206
582,4643,1197
583,4514,1190
584,4432,1183
585,4362,1176
586,4329,1169
587,4298,1161
588,4293,1079
589,4295,1031
590,4328,983
591,4359,937
592,4418,893
593,4479,853
594,4559,818
595,4647,787
596,4749,761
597,4861,739
598,4984,719
599,5112,702
600,5010,1376
601,4594,1365
602,4332,1355
603,4124,1346
604,3976,1338
605,3857,1329
606,3770,1319
607,3701,1307
608,3660,1196
609,3635,1129
610,3642,1065
611,3656,1000
612,3699,942
613,3755,890
614,3835,842
615,3925,797
616,4045,762
617,4159,731
618,4311,704
619,4456,682
620,4451,1326
621,4131,1310
622,3968,1296
623,3834,1283
624,3769,1271
625,3713,1258
626,3684,1244
627,3668,1230
628,3684,1089
629,3703,1019
630,3753,955
631,3814,897
632,3897,846
633,3990,800
634,4103,761
635,4233,729
636,4380,701
637,4538,677
638,4705,657
639,4887,640
640,4870,1249
641,4584,1236
642,4427,1225
643,4309,1213
644,4233,1202
645,4193,1192
646,4163,1181
647,4153,1168
648,4151,1053
649,4171,996
650,4205,937
651,4256,886
652,4324,841
653,4407,803
654,4505,772
655,4616,744
656,4742,721
657,4876,701
658,5019,682
659,5171,666
660,5098,1305
661,4743,1295
662,4521,1285
663,4351,1276
664,4226,1267
665,4132,1258
666,4067,1250
667,4010,1238
668,3980,1139
669,3970,1084
670,3975,1029
671,4001,975
672,4037,923
673,4097,879
674,4173,841
675,4263,804
676,4373,773
677,4491,745
678,4630,721
679,4774,701
680,4709,1370
681,4344,1355
682,4128,1343
683,3958,1332
684,3841,1321
685,3757,1310
686,3702,1297
687,3663,1282
688,3651,1153
689,3654,1083
690,3681,1015
691,3721,947
692,3783,888
693,3846,837
694,3934,792
695,4036,753
696,4154,719
697,4284,688
698,4431,665
699,4588,643
700,4576,1249
701,4293,1234
702,4143,1220
703,4028,1208
704,3964,1197
705,3922,1186
706,3912,1175
707,3914,1161
708,3934,1039
709,3973,980
710,4032,923
711,4098,867
712,4189,820
713,4279,780
714,4393,744
715,4511,718
716,4654,692
717,4795,671
718,4963,652
719,5124,635
720,5091,1243
721,4771,1232
722,4597,1222
723,4455,1213
724,4367,1205
725,4290,1197
726,4246,1187
727,4209,1176
728,4196,1076
729,4199,1022
730,4220,966
731,4251,915
732,4302,868
733,4364,826
734,4441,790
735,4538,758
736,4646,732
737,4763,709
738,4893,689
739,5041,672
740,4954,1317
741,4583,1306
742,4350,1296
743,4176,1286
744,4038,1278
745,3941,1269
746,3863,1260
747,3816,1249
748,3782,1145
749,3770,1087
750,3774,1028
751,3799,971
752,3839,919
753,3906,868
754,3984,824
755,4079,786
756,4185,751
757,4312,723
758,4445,698
759,4596,678
760,4558,1319
761,4237,1304
762,4045,1292
763,3906,1280
764,3810,1269
765,3754,1258
766,3714,1246
767,3693,1231
768,3692,1102
769,3721,1037
770,3762,972
771,3828,911
772,3901,856
773,3998,812
774,4097,771
775,4222,736
776,4356,707
777,4509,683
778,4666,662
779,4838,646
780,4808,1265
781,4498,1251
782,4318,1240
783,4187,1231
784,4101,1221
785,4033,1213
786,3992,1204
787,3964,1193
788,3958,1089
789,3974,1031
790,4006,973
791,4057,919
792,4113,871
793,4185,828
794,4278,789
795,4380,755
796,4506,727
797,4642,704
798,4785,682
799,4941,665
800,4889,1296
801,4549,1283
802,4347,1272
803,4197,1261
804,4091,1252
805,4012,1242
806,3959,1232
807,3919,1220
808,3897,1111
809,3893,1052
810,3910,993
811,3944,941
812,3999,891
813,4066,846
814,4156,808
815,4249,773
816,4363,744
817,4490,719
818,4637,696
819,4796,677
820,4762,1321
821,4428,1306
822,4237,1294
823,4085,1283
824,3986,1271
825,3914,1261
826,3874,1250
827,3838,1236
828,3836,1113
829,3843,1050
830,3874,989
831,3914,929
832,3981,875
833,4044,827
834,4144,785
835,4244,750
836,4370,720
837,4501,695
838,4656,673
839,4811,655
840,4781,1280
841,4457,1268
842,4280,1256
843,4149,1245
844,4066,1235
845,4004,1224
846,3971,1214
847,3958,1202
848,3967,1090
849,3989,1028
850,4021,965
851,4075,910
852,4147,859
853,4233,816
854,4333,779
855,4453,748
856,4573,723
857,4716,700
858,4865,681
859,5024,665
860,4971,1308
861,4626,1298
862,4421,1289
863,4259,1280
864,4146,1272
865,4068,1264
866,4007,1255
867,3960,1243
868,3939,1142
869,3932,1081
870,3943,1023
871,3968,963
872,4013,911
873,4071,866
874,4146,824
875,4238,787
876,4345,758
877,4469,732
878,4607,709
879,4756,690
880,4707,1349
881,4345,1334
882,4130,1321
883,3963,1309
884,3847,1298
885,3769,1287
886,3713,1276
887,3681,1262
888,3674,1135
889,3685,1069
890,3718,1006
891,3768,941
892,3839,883
893,3923,835
894,4023,791
895,4141,755
896,4275,722
897,4416,696
898,4567,672
899,4728,654
900,4689,1276
901,4363,1263
902,4176,1251
903,4039,1241
904,3949,1231
905,3887,1221
906,3862,1211
907,3837,1199
908,3845,1090
909,3862,1028
910,3913,968
911,3964,911
912,4043,862
913,4129,817
914,4233,780
915,4353,746
916,4488,717
917,4641,692
918,4801,670
919,4976,652
920,4941,1272
921,4630,1258
922,4446,1245
923,4315,1233
924,4215,1223
925,4152,1215
926,4106,1206
927,4074,1194
928,4065,1088
929,4069,1036
930,4097,981
931,4143,932
932,4202,887
933,4277,848
934,4371,815
935,4474,783
936,4605,756
937,4721,732
938,4875,714
939,5017,698
940,4952,1367
941,4553,1354
942,4315,1344
943,4120,1334
944,3990,1326
945,3879,1317
946,3797,1307
947,3732,1296
948,3700,1190
949,3678,1129
950,3692,1064
951,3716,1002
952,3769,945
953,3824,894
954,3908,847
955,4000,806
956,4118,770
957,4241,740
958,4387,714
959,4538,690
960,4499,1346
961,4147,1329
962,3943,1317
963,3791,1304
964,3686,1294
965,3621,1283
966,3581,1271
967,3555,1257
968,3563,1127
969,3590,1057
970,3637,988
971,3701,922
972,3776,862
973,3878,810
974,3984,764
975,4116,724
976,4248,690
977,4406,663
978,4564,638
979,4734,618
980,4718,1200
981,4455,1185
982,4314,1173
983,4219,1162
984,4170,1152
985,4139,1142
986,4127,1132
987,4122,1120
988,4140,1010
989,4175,958
990,4230,908
991,4292,862
992,4370,820
993,4461,783
994,4562,749
995,4681,720
996,4801,696
997,4935,674
998,5071,655
999,5225,639
